Country,Region,Area (sqkm),Population,Median Age,Population Growth(%),Birth Rate,Death Rate,GDP Growth Rate,GDP Per Capita,Inflation,Unemployment Rate,Exports,Imports,Reserves (FE&Gold),External Debt,Electricity Generate (kW),CO2 Emission (mt),Broadband(FixedSubs),Airports,Education Expend (% of GDP)
Afghanistan,South Asia,"652,230","40,121,552",20,2.22,34.2,11.8,2.71,"$2,000",-6.6,13.3,"$1,476,000,000","$6,983,000,000","$9,749,000,000","$2,717,000,000","627,000","7,757,000","33,000",68,4.3
Akrotiri and Dhekelia,Europe,254,,,,,,,,,,,,,,,,,,
Albania,Europe,"28,748","3,107,100",36.3,0.16,12.3,7.4,3.94,"$18,200",2.2,10.2,"$9,099,000,000","$10,374,000,000","$6,455,000,000","$5,363,000,000","2,857,000","3,392,000","632,000",3,2.9
Algeria,Africa,"2,381,740","47,022,473",29.1,1.54,20.2,4.4,4.1,"$15,200",4,11.4,"$59,426,000,000","$51,131,000,000","$68,448,000,000","$4,764,000,000","22,591,000","163,661,000","5,540,000",95,5.6
American Samoa,Australia and Oceania,224,"43,895",30,-1.54,15.7,6.3,1.74,"$11,200",,,"$409,000,000","$677,000,000",,,"50,000","389,000",,3,
Andorra,Europe,468,"85,370",48.8,-0.12,6.9,8.1,2.58,"$64,600",,3.7,"$3,169,000,000","$2,716,000,000",,,,,"42,000",,1.9
Angola,Africa,"1,246,700","37,202,061",16.3,3.33,41.1,7.6,1,"$7,200",28.2,14.5,"$36,886,000,000","$22,681,000,000","$14,243,000,000","$45,299,000,000","7,600,000","19,660,000","137,000",107,2.5
Anguilla,Central America and the Caribbean,91,"19,416",37.1,1.74,11.8,4.7,,,1.3,,"$7,900,000","$186,200,000","$76,380,000",,,,"5,000",1,2.5
Antarctica,Antarctica,"14,200,000",,,,,,,,,,,,,,,"15,000",,31,
Antigua and Barbuda,Central America and the Caribbean,443,"102,634",33.9,1.11,14.9,5.7,3.86,"$29,000",5.1,,"$1,185,000,000","$1,273,000,000","$358,441,000",,"148,000","725,000","10,000",4,3.1
Argentina,South America,"2,780,400","46,994,384",33.3,0.79,15.2,7.3,-1.61,"$27,100",25.7,7.9,"$82,947,000,000","$92,300,000,000","$24,381,000,000","$74,362,000,000","47,631,000","198,141,000","11,500,000",764,4.8
Armenia,Central Asia,"29,743","2,976,765",38.9,-0.42,10.5,9.6,8.3,"$19,200",0.3,13.3,"$14,338,000,000","$14,532,000,000","$3,684,000,000","$6,002,000,000","4,265,000","7,144,000","546,000",11,2.4
Aruba,Central America and the Caribbean,180,"125,063",40.9,1.08,11.6,8.8,4.26,"$40,500",4.3,7.7,"$3,153,000,000","$2,565,000,000","$1,468,000,000",,"305,000","1,163,000","19,000",1,3.6
Ashmore and Cartier Islands,Australia and Oceania,5,,,,,,,,,,,,,,,,,,
Australia,Australia and Oceania,"7,741,220","26,768,598",38.1,1.13,12.2,6.8,3.44,"$59,600",3.2,4.1,"$425,160,000,000","$405,336,000,000","$54,455,000,000",,"108,193,000","394,653,000","9,630,000","2,257",5.2
Austria,Europe,"83,871","8,967,982",44.9,0.3,9.3,9.9,-0.95,"$65,000",2.9,5.4,"$299,366,000,000","$284,467,000,000","$11,919,000,000",,"33,371,000","56,959,000","2,710,000",62,4.8
Azerbaijan,Central Asia,"86,600","10,650,239",34.3,0.43,11.2,6.4,1.12,"$21,300",2.2,5.6,"$34,113,000,000","$27,339,000,000","$12,699,000,000","$12,378,000,000","8,383,000","38,892,000","2,150,000",32,3.6
"Bahamas, The",Central America and the Caribbean,"13,880","410,862",30.7,1.07,13.1,5.6,2.64,"$33,100",3.1,8.5,"$6,005,000,000","$6,273,000,000","$2,512,000,000",,"608,000","2,990,000","95,000",54,2.8
Bahrain,Middle East,760,"1,566,888",33.4,0.82,12.2,2.8,2.98,"$57,200",0.9,1.1,"$40,344,000,000","$32,374,000,000","$5,118,000,000",,"7,031,000","47,818,000","268,000",3,2
Bangladesh,South Asia,"148,460","168,697,184",29.6,0.89,17.3,5.5,5.78,"$8,200",10.5,4.7,"$47,287,000,000","$72,996,000,000","$20,225,000,000","$58,020,000,000","22,699,000","125,956,000","12,900,000",17,2
Barbados,Central America and the Caribbean,430,"304,139",41.4,0.23,10.7,8.1,4.09,"$19,200",9.8,7.5,"$2,228,000,000","$2,120,000,000","$1,606,000,000",,"320,000","1,348,000","106,000",1,4
Belarus,Europe,"207,600","9,501,451",42.1,-0.42,8.3,13.3,3.89,"$27,700",5.8,3.4,"$49,386,000,000","$50,679,000,000","$4,392,000,000","$18,010,000,000","12,653,000","46,709,000","3,200,000",46,5
Belgium,Europe,"30,528","11,977,634",42,0.53,10.8,9.5,1.25,"$64,200",3.1,5.5,"$525,458,000,000","$531,029,000,000","$22,374,000,000",,"28,248,000","112,083,000","5,120,000",48,6.4
Belize,Central America and the Caribbean,"22,966","415,789",26.8,1.47,17.7,5,1.15,"$12,500",3.3,7,"$1,640,000,000","$1,724,000,000","$498,087,000","$1,235,000,000","220,000","662,000","39,000",27,4.6
Benin,Africa,"112,622","14,697,052",17.2,3.29,40.3,7.6,6.35,"$3,700",2.7,1.7,"$4,271,000,000","$5,296,000,000","$698,900,000","$6,309,000,000","505,000","5,948,000","24,000",10,3.7
Bermuda,North America,54,"72,800",43.8,0.3,10.9,9.3,-0.09,"$98,000",1.9,7,"$1,136,000,000","$1,925,000,000",,,"172,000","577,000","23,000",1,1.9
Bhutan,South Asia,"38,394","884,546",30.7,0.95,15.3,5.9,5.21,"$14,100",2.8,2.9,"$944,391,000","$1,513,000,000","$928,229,000","$2,827,000,000","2,344,000","733,000","10,000",4,5.8
Bolivia,South America,"1,098,581","12,311,974",26.6,1,17.6,6.6,3.08,"$9,800",5.1,3.1,"$11,905,000,000","$12,988,000,000","$87,100,000","$11,174,000,000","4,375,000","21,552,000","1,330,000",201,8.3
Bosnia and Herzegovina,Europe,"51,197","3,798,671",44.8,-0.25,8.2,10.3,2.21,"$20,100",1.7,10.7,"$12,126,000,000","$15,370,000,000","$9,127,000,000","$5,359,000,000","4,682,000","24,513,000","908,000",20,3
Botswana,Africa,"581,730","2,450,668",27.1,1.34,19.6,8.9,2.73,"$18,800",2.8,23.1,"$6,398,000,000","$7,228,000,000","$4,756,000,000","$1,761,000,000","758,000","5,897,000","85,000",122,8.1
Bouvet Island,Antarctica,49,,,,,,,,,,,,,,,,,,
Brazil,South America,"8,515,770","220,051,512",35.1,0.61,13.2,7,2.91,"$19,000",4.4,7.6,"$388,333,000,000","$377,050,000,000","$318,857,000,000","$198,582,000,000","240,251,000","437,769,000","48,400,000","5,297",5.5
British Indian Ocean Territory,South Asia,60,,,,,,,,,,,,,,,,,1,
British Virgin Islands,Central America and the Caribbean,151,"40,102",38.5,1.82,10.9,5.5,2,"$34,200",4.2,,"$23,000,000","$300,000,000",,,"63,000","188,000","7,000",3,2.5
Brunei,East and Southeast Asia,"5,765","491,900",32.3,1.4,15.8,3.9,1.41,"$76,800",-0.4,5.1,"$11,578,000,000","$9,081,000,000","$4,032,000,000",,"904,000","10,823,000","93,000",2,4.4
Bulgaria,Europe,"110,879","6,782,659",45.1,-0.66,7.9,14.2,1.89,"$33,400",2.4,4.1,"$63,380,000,000","$59,160,000,000","$40,270,000,000","$14,277,000,000","12,939,000","33,465,000","2,450,000",107,3.9
Burkina Faso,Africa,"274,200","23,042,199",18.7,2.4,31.9,7.3,2.96,"$2,500",4.2,5.2,"$5,912,000,000","$6,834,000,000","$49,000,000","$3,565,000,000","749,000","5,243,000","15,000",49,5.3
Burma,East and Southeast Asia,"676,578","57,527,139",30.8,0.71,15.7,7.3,0.96,"$5,400",8.8,3,"$20,400,000,000","$23,100,000,000","$9,338,000,000","$8,748,000,000","7,419,000","27,005,000","1,510,000",74,2
Burundi,Africa,"27,830","13,590,102",18.4,2.81,34.6,5.7,2.7,$800,20.2,0.9,"$378,229,000","$1,433,000,000","$90,350,000","$805,174,000","131,000","838,000","3,000",6,4.4
Cabo Verde,Africa,"4,033","611,014",28.8,1.16,17.9,5.7,5.48,"$9,300",3.7,11.9,"$1,158,000,000","$1,473,000,000","$783,106,000","$1,385,000,000","200,000","714,000","38,000",10,4.3
Cambodia,East and Southeast Asia,"181,035","17,063,669",27.9,0.99,18.2,5.7,4.96,"$6,700",2.1,0.3,"$27,753,000,000","$29,421,000,000","$18,608,000,000","$8,019,000,000","3,673,000","18,779,000","510,000",12,3
Cameroon,Africa,"475,440","30,966,105",18.9,2.71,34.7,7.4,3.25,"$4,900",7.4,3.5,"$8,353,000,000","$10,294,000,000","$4,882,000,000","$11,112,000,000","1,798,000","6,707,000","603,000",37,2.8
Canada,North America,"9,984,670","38,794,813",42.6,0.71,10,8.2,1.25,"$55,900",2.4,6.4,"$727,453,000,000","$733,234,000,000","$117,551,000,000",,"161,988,000","585,853,000","17,000,000","1,459",4.5
Cayman Islands,Central America and the Caribbean,264,"66,653",41.2,1.75,11.5,6.1,4.36,"$78,100",2,,"$5,019,000,000","$3,300,000,000","$234,000,000",,"176,000","737,000","40,000",3,1.5
Central African Republic,Africa,"622,984","5,650,957",20.4,1.76,31.9,11.3,0.87,"$1,100",3,5.9,"$369,034,000","$742,108,000","$479,593,000","$724,179,000","63,000","313,000","1,000",43,1.8
Chad,Africa,"1,284,000","19,093,595",16.7,3.01,39.2,9,4.12,"$1,700",8.9,1.1,"$5,721,000,000","$6,321,000,000","$1,050,000,000","$2,286,000,000","167,000","2,054,000",0,44,3.2
Chile,South America,"756,102","18,664,652",36.9,0.61,12.4,6.6,0.22,"$29,500",4.3,9.1,"$104,349,000,000","$99,808,000,000","$44,382,000,000",,"39,238,000","83,058,000","4,520,000",379,5
China,East and Southeast Asia,"9,596,960","1,416,043,270",40.2,0.23,10.2,7.7,5.25,"$22,100",0.2,4.6,"$3,511,000,000,000","$3,125,000,000,000","$3,265,000,000,000","$488,114,000,000","2,949,000,000","12,196,000,000","636,000,000",552,4
Christmas Island,Australia and Oceania,135,"1,692",38,1.11,,,,,,,,,,,,,,1,
Clipperton Island,North America,6,,,,,,,,,,,,,,,,,,
Cocos (Keeling) Islands,Australia and Oceania,14,593,40,,,8.89,,,,,,,,,,,,1,
Colombia,South America,"1,138,910","49,588,357",32.7,0.48,14.9,8,0.61,"$18,700",6.6,9.6,"$68,318,000,000","$76,431,000,000","$61,506,000,000","$108,027,000,000","21,053,000","85,878,000","8,910,000",661,5.3
Comoros,Africa,"2,235","900,141",22.7,1.3,21.6,6.4,3,"$3,500",1,3.9,"$148,455,000","$504,036,000","$322,436,000","$267,652,000","32,000","436,000","3,000",3,2.3
"Congo, Democratic Republic of the",Africa,"2,344,858","115,403,027",16.9,3.11,39.2,7.6,8.56,"$1,500",41.5,4.6,"$29,650,000,000","$33,680,000,000","$5,104,000,000","$7,926,000,000","3,229,000","5,883,000","33,000",273,2.8
"Congo, Republic of the",Africa,"342,000","6,097,665",20.7,2.38,28.7,4.8,1.91,"$6,200",4.3,19.7,"$7,752,000,000","$4,487,000,000","$715,391,000","$6,360,000,000","842,000","2,660,000","78,000",56,3.3
Cook Islands,Australia and Oceania,236,"7,761",41.1,-2.24,12.1,9.4,10.5,"$15,600",,,"$31,400,000","$215,000,000",,,"17,000","103,000","2,700",10,4.6
Coral Sea Islands,Australia and Oceania,3,,,,,,,,,,,,,,,,,,
Costa Rica,Central America and the Caribbean,"51,100","5,265,575",35.5,0.74,10.8,5.3,5.11,"$26,300",-0.4,7.8,"$33,683,000,000","$28,413,000,000","$14,177,000,000","$15,574,000,000","3,751,000","7,910,000","1,150,000",132,6.2
Cote d'Ivoire,Africa,"322,463","29,981,758",21.2,2.13,27.5,7.3,6.2,"$6,500",3.5,2.3,"$17,211,000,000","$19,948,000,000","$6,257,000,000","$26,576,000,000","2,315,000","16,280,000","425,000",29,3.4
Croatia,Europe,"56,594","4,150,116",45.1,-0.46,8.5,13.1,3.3,"$41,100",7.9,5.2,"$45,064,000,000","$46,811,000,000","$3,336,000,000",,"5,518,000","16,467,000","1,110,000",45,4.8
Cuba,Central America and the Caribbean,"110,860","10,966,038",42.6,-0.17,9.9,9.5,-1.93,"$12,300",5.5,1.5,"$8,769,000,000","$8,067,000,000","$11,350,000,000",,"7,264,000","19,716,000","327,000",120,8.4
Curacao,Central America and the Caribbean,444,"153,289",37.8,0.28,12.9,8.9,4.2,"$28,900",2.6,,"$2,107,000,000","$2,764,000,000",,,,,"61,000",1,7.4
Cyprus,Europe,"9,251","1,320,525",39.5,0.95,10.2,7,2.61,"$53,400",1.8,5.6,"$32,876,000,000","$32,441,000,000","$921,269,000",,"2,288,000","6,837,000","357,000",14,5.1
Czechia,Europe,"78,867","10,837,890",44.2,0.04,9.8,12,-0.09,"$49,700",2.4,2.5,"$236,688,000,000","$219,393,000,000","$141,988,000,000",,"21,802,000","79,901,000","4,100,000",252,4.7
Denmark,Europe,"43,094","5,973,136",42.2,0.44,11.3,9.6,2.5,"$72,100",1.4,5.6,"$276,646,000,000","$243,478,000,000","$103,239,000,000",,"20,794,000","29,915,000","2,650,000",102,5.3
Djibouti,Africa,"23,200","994,974",26.3,1.89,21.8,7,6.68,"$6,400",1.5,25.9,"$5,250,000,000","$4,765,000,000","$348,725,000","$2,531,000,000","210,000","685,000","17,000",10,3.8
Dominica,Central America and the Caribbean,751,"74,661",37,-0.01,13.3,8.1,4.71,"$17,400",4.2,,"$188,818,000","$417,164,000","$155,971,000","$301,191,000","41,000","168,000","14,000",2,5.4
Dominican Republic,Central America and the Caribbean,"48,670","10,815,857",29.2,0.76,17.3,7.1,2.36,"$23,100",3.3,5.5,"$25,843,000,000","$34,455,000,000","$13,424,000,000","$35,044,000,000","6,581,000","29,713,000","1,260,000",32,4.3
Ecuador,South America,"283,561","18,309,984",28,0.94,17.7,7.2,2.36,"$14,500",1.5,4.8,"$35,687,000,000","$35,421,000,000","$4,703,000,000","$39,658,000,000","8,438,000","38,286,000","2,890,000",317,3.9
Egypt,Africa,"1,001,450","111,247,248",24.4,1.49,19.5,4.3,3.76,"$16,700",33.9,7.2,"$68,218,000,000","$82,265,000,000","$34,278,000,000","$117,272,000,000","59,680,000","236,618,000","13,600,000",73,3.9
El Salvador,Central America and the Caribbean,"21,041","6,628,702",29.7,0.34,17.1,5.9,3.51,"$11,400",0.9,2.8,"$10,629,000,000","$17,032,000,000","$3,590,000,000","$12,668,000,000","2,803,000","8,694,000","671,000",27,3.2
Equatorial Guinea,Africa,"28,051","1,795,834",22.1,3.23,29,8.9,-5.09,"$15,700",4.8,7.8,"$4,516,000,000","$3,065,000,000","$1,538,000,000",,"349,000","5,471,000","2,000",7,
Eritrea,Africa,"117,600","6,343,956",21.3,1.12,26.3,6.5,5,"$1,600",9,5.6,"$624,300,000","$1,127,000,000","$191,694,000","$461,376,000","243,000","733,000","6,000",11,
Estonia,Europe,"45,228","1,193,791",45,-0.76,8.2,13.2,-3.02,"$42,500",3.5,7.8,"$32,637,000,000","$32,375,000,000","$2,054,000,000",,"3,225,000","4,607,000","516,000",34,5.7
Eswatini,Africa,"17,364","1,138,089",24.6,0.7,22.3,9.4,5.01,"$10,100",2.6,34.4,"$2,174,000,000","$2,351,000,000","$479,261,000","$923,266,000","285,000","1,326,000","34,000",16,6
Ethiopia,Africa,"1,104,300","118,550,298",20.4,2.37,29.6,5.8,6.5,"$2,800",30.2,3.4,"$10,865,000,000","$22,951,000,000","$3,784,000,000","$25,426,000,000","5,690,000","18,519,000","566,000",58,2.3
Falkland Islands (Islas Malvinas),South America,"12,173","3,142",,0.01,10.9,4.9,25.5,"$70,800",,1,"$257,300,000",,,,"10,000","36,000","1,000",34,
Faroe Islands,Europe,"1,393","52,933",36.8,0.63,14.9,8.6,2.49,"$70,400",-0.3,2.2,"$2,255,000,000","$2,212,000,000",,,"180,000","742,000","19,000",1,7.6
Fiji,Australia and Oceania,"18,274","951,611",31.6,0.4,15.9,6.5,7.52,"$13,700",2.1,4.3,"$2,376,000,000","$3,434,000,000","$1,597,000,000","$1,397,000,000","427,000","1,432,000","23,000",26,4.2
Finland,Europe,"338,145","5,626,414",43.3,0.2,10.2,10.4,-1.16,"$57,100",1.6,8.3,"$124,531,000,000","$122,644,000,000","$14,322,000,000",,"26,782,000","33,594,000","1,980,000",98,6.5
France,Europe,"643,801","68,374,591",42.6,0.2,10.9,10,0.94,"$55,400",2,7.4,"$1,050,000,000,000","$1,094,000,000,000","$78,429,000,000",,"151,463,000","303,779,000","32,300,000","1,218",5.4
French Polynesia,Australia and Oceania,"4,167","303,540",35.3,0.66,13,5.8,4.47,"$18,600",,11.8,"$162,000,000","$1,660,000,000",,,"345,000","1,010,000","78,000",54,
French Southern and Antarctic Lands,,,,,,,,,,,,,,,,,,,4,
Gabon,Africa,"267,667","2,455,105",22,2.37,25.7,5.5,2.45,"$18,700",1.2,20.1,"$12,356,000,000","$5,380,000,000","$1,447,000,000","$6,442,000,000","785,000","3,144,000","80,000",42,2.3
"Gambia, The",Africa,"11,300","2,523,327",20.2,2.16,27.3,5.6,4.8,"$2,900",17,6.5,"$643,689,000","$1,380,000,000","$577,028,000","$902,421,000","162,000","537,000","6,000",1,2.7
Gaza Strip,Middle East,360,"2,141,643",19.5,2.02,26.8,2.9,-5.41,"$5,300",5.9,24.4,"$3,413,000,000","$11,637,000,000","$1,328,000,000",,"352,000","3,913,000","431,000",,5.4
Georgia,Central Asia,"69,700","4,900,961",38.3,-0.5,12,13.3,7.83,"$22,600",1.1,11.5,"$15,173,000,000","$17,816,000,000","$3,848,000,000","$9,085,000,000","4,526,000","10,700,000","1,100,000",21,3.7
Germany,Europe,"357,022","84,119,100",46.8,-0.12,8.9,12,-0.27,"$63,600",2.3,3.4,"$1,944,000,000,000","$1,770,000,000,000","$96,792,000,000",,"275,658,000","600,192,000","38,400,000",840,4.5
Ghana,Africa,"238,533","34,589,092",21.4,2.15,27.6,5.9,2.94,"$6,800",22.8,3,"$25,365,000,000","$26,024,000,000","$3,624,000,000","$29,241,000,000","5,519,000","20,822,000","223,000",11,2.9
Gibraltar,Europe,7,"29,683",36.8,0.17,13.7,8.7,,"$61,700",,1,"$202,300,000",,,,"50,000","15,608,000","23,000",1,
Greece,Europe,"131,957","10,461,091",46.5,-0.35,7.4,12,2.33,"$36,900",2.7,10.1,"$107,218,000,000","$119,234,000,000","$5,610,000,000",,"24,169,000","62,060,000","4,480,000",82,3.8
Greenland,North America,"2,166,086","57,751",35.3,-0.05,13.5,9.2,1.29,"$68,100",0.3,,"$1,147,000,000","$1,609,000,000",,,"190,000","527,000","18,000",25,10.2
Grenada,Central America and the Caribbean,344,"114,621",35.4,0.27,13.3,8.4,3.57,"$16,900",2.7,24,"$828,529,000","$924,688,000","$423,263,000","$501,371,000","60,000","348,000","35,000",2,5.1
Guam,Australia and Oceania,544,"169,532",30.3,0.11,18.1,6.1,5.1,"$35,600",1,5.6,"$545,000,000","$4,421,000,000",,,"525,000","1,819,000","3,000",3,
Guatemala,Central America and the Caribbean,"108,889","18,255,216",24.8,1.49,21.4,4.9,3.53,"$12,400",2.9,2.2,"$17,329,000,000","$33,035,000,000","$23,834,000,000","$11,862,000,000","4,995,000","18,546,000","921,000",58,3.2
Guernsey,Europe,78,"67,787",45,0.21,9.7,9.2,3.72,"$52,500",,6.3,,,,,,,"25,336",2,
Guinea,Africa,"245,857","13,986,179",19.4,2.74,35.3,7.8,6.74,"$3,900",8.1,5.2,"$12,008,000,000","$8,365,000,000","$1,887,000,000","$3,764,000,000","1,060,000","4,505,000","1,000",16,1.7
Guinea-Bissau,Africa,"36,125","2,132,325",18.4,2.54,36,7.2,5.2,"$2,600",9.4,2.6,"$280,065,000","$577,899,000","$356,400,000","$896,812,000","29,000","366,000","7,000",7,2.7
Guyana,South America,"214,969","794,099",28.3,0.32,16.7,7,33.8,"$49,300",2.9,10.2,"$13,739,000,000","$10,956,000,000","$1,010,000,000","$1,805,000,000","259,000","2,639,000","106,000",55,4.5
Haiti,Central America and the Caribbean,"27,750","11,753,943",25,1.23,21.2,7.3,-1.86,"$3,000",36.8,15.1,"$1,095,000,000","$5,303,000,000","$2,566,000,000","$1,865,000,000","472,000","2,854,000","35,000",17,1.1
Heard Island and McDonald Islands,Antarctica,412,,,,,,,,,,,,,,,,,,
Holy See (Vatican City),Europe,0,"1,000",,0,,,,,,,,,,,,,,,
Honduras,Central America and the Caribbean,"112,090","9,529,188",25.7,1.29,19.9,5.4,3.58,"$6,500",4.6,6.1,"$9,646,000,000","$17,789,000,000","$7,543,000,000","$7,785,000,000","3,334,000","10,534,000","476,000",129,4
Hong Kong,East and Southeast Asia,"1,108","7,297,821",47.2,0.12,7.6,8.1,3.28,"$64,500",1.7,2.8,"$673,738,000,000","$671,492,000,000","$425,554,000,000",,"13,300,000","58,433,000","2,970,000",2,3.8
Hungary,Europe,"93,028","9,855,745",44.8,-0.28,9.1,14.5,-0.91,"$40,500",3.7,4.4,"$172,662,000,000","$162,020,000,000","$37,194,000,000",,"14,829,000","40,161,000","3,560,000",109,5.1
Iceland,Europe,"103,000","364,036",38,0.85,12.6,6.6,5.04,"$67,300",5.9,3.1,"$13,916,000,000","$14,298,000,000","$6,236,000,000",,"3,005,000","3,101,000","145,000",82,6.7
India,South Asia,"3,287,263","1,409,128,296",29.8,0.72,16.2,9.1,8.15,"$9,200",5,4.2,"$773,177,000,000","$859,507,000,000","$569,544,000,000","$212,728,000,000","499,136,000","2,821,000,000","39,300,000",315,4.1
Indonesia,East and Southeast Asia,"1,904,569","281,562,465",31.5,0.73,14.8,6.8,5.05,"$13,900",3.7,3.3,"$300,811,000,000","$279,552,000,000","$149,118,000,000","$225,273,000,000","70,826,000","829,655,000","13,500,000",556,1.3
Iran,Middle East,"1,648,195","88,386,937",33.8,0.88,14.3,5.3,5.04,"$15,900",44.6,9.2,"$97,924,000,000","$113,210,000,000","$120,600,000,000","$6,759,000,000","86,058,000","823,364,000","10,900,000",177,2.8
Iraq,Middle East,"438,317","42,083,436",22.4,1.99,23.7,3.9,-2.94,"$12,700",4.4,15.5,"$107,852,000,000","$81,179,000,000","$87,048,000,000","$15,580,000,000","31,339,000","190,815,000","7,770,000",73,4.7
Ireland,Europe,"70,273","5,233,461",40.2,0.93,11.1,7.4,-5.53,"$114,900",2.1,4.4,"$761,876,000,000","$580,399,000,000","$11,688,000,000",,"12,321,000","35,486,000","1,650,000",100,3
Isle of Man,Europe,572,"92,269",44.9,0.45,10.4,10.2,3.84,"$84,600",4.1,1.1,,,,,,,,4,
Israel,Middle East,"21,937","9,402,617",30.1,1.58,19.1,5.2,2.42,"$48,400",3.1,3.2,"$153,248,000,000","$140,438,000,000","$214,544,000,000",,"22,612,000","64,401,000","2,760,000",40,6.5
Italy,Europe,"301,340","60,964,931",48.4,-0.08,7.1,11.2,0.7,"$53,300",1,6.8,"$777,594,000,000","$747,798,000,000","$84,875,000,000",,"128,692,000","307,442,000","20,100,000",655,4
Jamaica,Central America and the Caribbean,"10,991","2,823,713",30.9,0.1,15.6,7.5,2.2,"$10,300",5.4,4.9,"$7,275,000,000","$9,866,000,000","$4,869,000,000","$9,636,000,000","1,242,000","7,890,000","448,000",20,5.7
Jan Mayen,Europe,377,,,,,,,,,,,,,,,,,,
Japan,East and Southeast Asia,"377,915","123,201,945",49.9,-0.43,6.9,11.9,1.68,"$46,200",2.7,2.6,"$920,737,000,000","$989,843,000,000","$1,160,000,000,000",,"361,617,000","960,230,000","47,900,000",280,3.2
Jersey,Europe,116,"103,387",38.2,0.56,12.2,7.8,3.72,"$56,600",,6.3,,,,,,,"39,699",1,
Jordan,Middle East,"89,342","11,174,024",25,0.78,22.2,3.5,2.68,"$9,400",2.1,18,"$22,186,000,000","$28,922,000,000","$15,929,000,000","$21,058,000,000","6,891,000","22,434,000","805,000",18,3.2
Kazakhstan,Central Asia,"2,724,900","20,260,006",31.9,0.86,17.2,8.1,5.1,"$34,700",4.9,4.8,"$90,915,000,000","$72,993,000,000","$21,980,000,000","$25,765,000,000","27,624,000","269,830,000","3,590,000",132,4.9
Kenya,Africa,"580,367","58,246,378",21.2,2.06,25.6,4.9,5.56,"$5,700",4.5,5.4,"$12,626,000,000","$22,046,000,000","$10,065,000,000","$31,451,000,000","3,824,000","19,023,000","1,320,000",368,4
Kiribati,Australia and Oceania,811,"116,545",27.3,1,19.7,6.9,4.12,"$3,200",9.3,,"$17,099,000","$293,624,000",,,"12,000","81,000",0,21,16.4
"Korea, North",East and Southeast Asia,"120,538","26,298,666",35.9,0.4,13.2,9.2,-1.1,"$1,700",,2.9,"$222,000,000","$2,320,000,000",,,"8,357,000","55,744,000",,81,
"Korea, South",East and Southeast Asia,"99,720","52,081,799",45.5,0.21,7,7.4,1.36,"$50,600",2.3,2.6,"$835,149,000,000","$758,724,000,000","$409,457,000,000",,"151,139,000","644,231,000","24,100,000",92,4.9
Kosovo,Europe,"10,887","1,977,093",32,0.68,14.4,7.2,4.07,"$13,600",1.6,30.5,"$4,156,000,000","$7,362,000,000","$1,310,000,000","$785,739,000","1,555,000","7,444,000",,2,
Kuwait,Middle East,"17,818","3,138,355",30.3,1.1,17.5,2.3,-3.64,"$46,500",2.9,2.1,"$95,476,000,000","$63,430,000,000","$44,104,000,000",,"20,294,000","100,459,000","49,000",6,5
Kyrgyzstan,Central Asia,"199,951","6,172,101",28.3,0.79,18.7,6,6.15,"$6,400",10.8,3.3,"$3,628,000,000","$10,655,000,000","$3,237,000,000","$3,617,000,000","3,944,000","11,389,000","456,000",28,6.8
Laos,East and Southeast Asia,"236,800","7,953,556",25.4,1.26,19.8,6.2,3.75,"$8,400",23.1,1.2,"$9,698,000,000","$8,596,000,000","$1,770,000,000","$9,619,000,000","12,738,000","23,412,000","183,000",20,1.2
Latvia,Europe,"64,589","1,801,246",45.5,-1.14,8.3,14.7,1.71,"$37,000",1.3,6.7,"$28,117,000,000","$29,234,000,000","$4,591,000,000",,"3,428,000","6,427,000","489,000",55,5.4
Lebanon,Middle East,"10,400","5,364,482",36.3,0.61,12.6,5.6,-0.15,"$12,300",221.3,11.5,"$11,770,000,000","$23,313,000,000","$9,240,000,000","$41,936,000,000","5,161,000","17,484,000","419,000",8,2.4
Lesotho,Africa,"30,355","2,227,548",23.9,0.76,22.9,10.8,1.83,"$2,600",6.1,16.1,"$983,619,000","$2,089,000,000","$854,089,000","$928,019,000","104,000","1,148,000","9,000",34,6.6
Liberia,Africa,"111,369","5,437,249",19.9,2.32,32.4,8.3,4.68,"$1,600",10.1,2.9,"$1,220,000,000","$1,961,000,000","$599,660,000","$1,335,000,000","199,000","671,000","15,000",19,2.3
Libya,Africa,"1,759,540","7,361,263",26.2,1.44,20.3,3.5,10.16,"$12,500",2.1,18.6,"$32,380,000,000","$25,406,000,000","$80,592,000,000",,"10,519,000","46,479,000","326,000",75,
Liechtenstein,Europe,160,"40,272",44.2,0.69,10.3,8.2,,,-0.4,,"$3,217,000,000","$2,230,000,000",,,,,"20,000",,2.6
Lithuania,Europe,"65,300","2,628,186",45.1,-1.05,8.9,15.2,0.34,"$46,700",0.7,7.5,"$61,020,000,000","$57,899,000,000","$6,920,000,000",,"5,426,000","12,877,000","806,000",64,4.3
Luxembourg,Europe,"2,586","671,254",39.9,1.52,11.6,7.1,-1.1,"$132,800",2.1,5.9,"$202,203,000,000","$160,032,000,000","$2,602,000,000",,"2,212,000","8,715,000","250,000",3,4.7
Macau,East and Southeast Asia,28,"644,426",42.5,0.67,8.6,4.9,75.06,"$105,000",0.5,2.4,"$41,839,000,000","$23,205,000,000","$29,392,000,000",,"427,000","1,595,000","212,000",1,6.3
Madagascar,Africa,"587,041","29,452,714",21.3,2.18,27.6,5.8,3.8,"$1,600",9.9,3,"$4,689,000,000","$6,041,000,000","$2,785,000,000","$3,548,000,000","759,000","3,936,000","34,000",93,3
Malawi,Africa,"118,484","21,763,309",20.3,2.22,26.6,4.5,1.89,"$1,600",32.2,5,"$1,526,000,000","$3,995,000,000","$594,498,000","$2,269,000,000","731,000","2,265,000","17,000",27,3.3
Malaysia,East and Southeast Asia,"329,847","34,564,810",31.8,0.99,14.2,5.8,3.56,"$32,800",1.8,3.8,"$301,789,000,000","$279,090,000,000","$112,968,000,000",,"37,220,000","260,005,000","4,580,000",100,3.6
Maldives,South Asia,298,"388,858",31.9,-0.2,15.1,4.3,4.73,"$22,300",1.4,4.6,"$4,878,000,000","$4,979,000,000","$673,203,000","$3,113,000,000","432,000","1,908,000","98,000",20,5.2
Mali,Africa,"1,240,192","21,990,607",16.4,2.9,40,8.1,4.66,"$2,400",3.2,3.1,"$6,130,000,000","$8,066,000,000","$647,800,000","$4,085,000,000","1,222,000","6,858,000","179,000",30,4.2
Malta,Europe,316,"469,730",43.5,0.51,9.4,8.8,7.5,"$61,100",5.1,2.7,"$26,647,000,000","$22,637,000,000","$1,402,000,000",,"829,000","8,965,000","236,000",1,4.8
Marshall Islands,Australia and Oceania,181,"82,011",25.5,1.26,21.2,4.3,-3.93,"$6,800",0,,"$130,016,000","$206,025,000",,,,"293,700","1,000",33,7.5
Mauritania,Africa,"1,030,700","4,328,040",22.1,1.92,27.2,7.2,6.51,"$6,300",5,10.4,"$3,955,000,000","$5,271,000,000","$2,039,000,000","$3,072,000,000","812,000","4,860,000","14,000",25,4.8
Mauritius,Africa,"2,040","1,310,504",39.6,0.07,9.8,9,6.96,"$26,600",4.1,5.5,"$6,381,000,000","$8,027,000,000","$7,465,000,000","$3,632,000,000","955,000","5,551,000","343,000",5,3.3
Mexico,North America,"1,964,375","130,739,927",30.8,0.72,14.3,6.5,3.2,"$22,100",4.7,2.7,"$649,729,000,000","$674,695,000,000","$221,944,000,000","$306,308,000,000","105,586,000","441,049,000","26,600,000","1,580",4.2
"Micronesia, Federated States of",Australia and Oceania,702,"99,603",28.2,-0.73,17.8,4.2,0.78,"$3,900",5.4,,"$125,789,000","$310,669,000","$497,434,000",,,"121,000","7,000",7,11.6
Moldova,Europe,"33,851","3,599,528",39.9,-0.58,8.4,14.2,0.78,"$15,900",4.7,1.4,"$5,866,000,000","$9,840,000,000","$5,477,000,000","$2,637,000,000","779,000","7,093,000","841,000",10,6.6
Monaco,Europe,2,"31,813",56.9,0.71,6.5,11.1,5.04,"$115,700",,,"$964,600,000","$1,371,000,000",,,,,"22,000",,1.2
Mongolia,East and Southeast Asia,"1,564,116","3,281,676",31.5,0.78,14.9,6.4,7.42,"$16,200",6.8,5.4,"$15,501,000,000","$13,545,000,000","$4,891,000,000","$8,379,000,000","1,510,000","19,203,000","499,000",37,3.7
Montenegro,Europe,"13,812","599,849",41.1,-0.44,10.9,10.3,6.34,"$27,900",3.3,14.1,"$3,634,000,000","$5,467,000,000","$1,741,000,000","$3,643,000,000","1,082,000","2,808,000","203,000",5,
Montserrat,Central America and the Caribbean,102,"5,468",36.8,0.59,11.9,6,,,1.2,5.6,"$11,900,000","$15,300,000","$47,580,000",,"6,000","24,000","2,700",1,7.2
Morocco,Africa,"716,550","37,387,585",30.6,0.84,16.8,6.6,3.4,"$8,900",1,8.9,"$61,746,000,000","$73,759,000,000","$35,269,000,000","$42,262,000,000","14,615,000","64,173,000","2,420,000",48,6
Mozambique,Africa,"799,380","33,350,954",17.3,2.54,36.5,9.6,5.44,"$1,500",7.1,3.5,"$9,358,000,000","$10,488,000,000","$3,513,000,000","$8,274,000,000","2,860,000","9,549,000","65,000",92,6
Namibia,Africa,"824,292","2,803,660",22.8,1.72,24.3,7.1,4.16,"$10,100",4.2,19.1,"$5,691,000,000","$8,286,000,000","$3,356,000,000",,"646,000","3,460,000","104,000",259,9.4
Nauru,Australia and Oceania,21,"9,892",27.8,0.39,20.2,6.5,0.59,"$12,500",5.1,,"$64,931,000","$150,193,000",,,"19,000","86,000","1,000",1,5.6
Navassa Island,Central America and the Caribbean,5,,,,,,,,,,,,,,,,,,
Nepal,South Asia,"147,181","31,122,387",27.6,0.7,17,5.6,1.95,"$4,900",7.1,10.7,"$3,744,000,000","$17,777,000,000","$12,456,000,000","$5,719,000,000","2,853,000","11,357,000","1,440,000",51,4
Netherlands,Europe,"41,543","17,772,378",42.2,0.39,10.6,9.7,0.07,"$71,400",3.3,3.6,"$1,022,000,000,000","$893,132,000,000","$27,753,000,000",,"59,982,000","188,191,000","7,830,000",44,5.1
New Caledonia,Australia and Oceania,"18,575","304,167",34.3,1.14,13.8,6,3.5,"$35,700",1.4,11.2,"$1,920,000,000","$2,260,000,000",,,"1,174,000","4,887,000","56,000",21,
New Zealand,Australia and Oceania,"268,838","5,161,211",37.9,0.95,12.6,6.9,0.73,"$48,800",2.9,4.9,"$59,029,000,000","$68,412,000,000","$22,065,000,000",,"10,643,000","33,506,000","1,930,000",206,5.2
Nicaragua,Central America and the Caribbean,"130,370","6,676,948",29,0.95,16.4,5.1,4.57,"$7,500",4.6,4.6,"$8,250,000,000","$10,517,000,000","$6,105,000,000","$6,753,000,000","1,849,000","3,806,000","371,000",39,2.9
Niger,Africa,"1,267,000","26,342,784",15.2,3.66,46.6,9.5,2.5,"$1,700",9.1,0.4,"$1,223,000,000","$3,808,000,000","$1,314,000,000","$3,793,000,000","377,000","3,132,000","14,000",26,4.1
Nigeria,Africa,"923,768","236,747,130",19.3,2.52,33.8,8.4,2.86,"$5,600",24.7,3,"$60,261,000,000","$65,423,000,000","$38,612,000,000","$45,009,000,000","4,094,000","114,397,000","117,000",50,0.3
Niue,Australia and Oceania,260,"1,815",,-0.03,,,,"$11,100",,,"$5,680,000","$43,800,000",,,"3,000","9,000",,1,
Norfolk Island,Australia and Oceania,36,"1,739",,0.01,,,,,,,,,,,,,,1,
North Macedonia,Europe,"25,713","2,135,622",40.5,0.1,10.2,9.6,2.07,"$23,600",3.5,13.4,"$10,445,000,000","$12,644,000,000","$4,674,000,000","$5,637,000,000","2,467,000","7,369,000","515,000",13,
Northern Mariana Islands,Australia and Oceania,464,"51,118",32.4,-0.34,15.7,5.7,16.64,"$24,500",0.3,,"$244,000,000","$777,000,000",,,,,,4,
Norway,Europe,"323,802","5,509,733",40.8,0.59,10.4,8.4,0.48,"$90,500",3.1,4,"$229,205,000,000","$162,467,000,000","$81,242,000,000",,"41,100,000","38,535,000","2,490,000",146,4
Oman,Middle East,"309,500","3,901,992",27.3,1.75,21.1,3.2,1.31,"$38,300",1,3.2,"$64,749,000,000","$47,412,000,000","$17,298,000,000",,"11,589,000","84,073,000","562,000",37,4.2
Pakistan,South Asia,"796,095","252,363,571",22.9,1.86,25.5,5.9,-0.04,"$5,400",12.6,5.5,"$40,193,000,000","$66,752,000,000","$12,977,000,000","$89,148,000,000","43,512,000","212,655,000","3,360,000",117,1.9
Palau,Australia and Oceania,459,"21,864",35.3,0.38,11.6,8.4,1.88,"$15,800",2.2,,"$24,480,000","$216,681,000","$580,900,000",,,,"1,000",3,3.5
Panama,Central America and the Caribbean,"75,420","4,470,241",31.5,1.48,17.4,5.7,7.4,"$35,900",0.7,6.5,"$36,569,000,000","$36,135,000,000","$6,856,000,000",,"4,485,000","23,458,000","809,000",77,3.9
Papua New Guinea,East and Southeast Asia,"462,840","10,046,233",21.7,2.26,28.1,5.4,3.04,"$4,200",0.6,2.7,"$12,930,000,000","$7,192,000,000","$3,901,000,000","$7,011,000,000","1,148,000","5,798,000","22,000",569,1.4
Paracel Islands,East and Southeast Asia,8,"2,230",,0.75,,,,,,,,,,,,,,2,
Paraguay,South America,"406,752","7,522,549",31.8,1.09,15.9,4.9,4.71,"$15,800",3.8,6.1,"$18,581,000,000","$17,904,000,000","$9,886,000,000","$13,783,000,000","8,928,000","7,509,000","878,000",83,3.4
Peru,South America,"1,285,216","32,600,249",30.2,0.48,16.7,10.9,-0.55,"$15,300",2,4.8,"$73,326,000,000","$62,990,000,000","$76,338,000,000","$38,102,000,000","16,164,000","58,903,000","3,530,000",174,4.2
Philippines,East and Southeast Asia,"300,000","118,277,063",25.7,1.56,22.1,6.2,5.55,"$9,900",3.2,2.2,"$106,990,000,000","$161,154,000,000","$95,251,000,000","$63,241,000,000","29,174,000","156,228,000","7,510,000",256,3.6
Pitcairn Islands,Australia and Oceania,47,50,,0,,,,,,,,,,,,,,,
Poland,Europe,"312,685","38,746,310",42.9,-1,8.4,12.2,0.14,"$44,400",3.8,2.5,"$471,571,000,000","$423,797,000,000","$185,515,000,000",,"64,806,000","264,031,000","10,100,000",318,4.6
Portugal,Europe,"92,090","10,207,177",46.4,-0.14,8,10.9,2.53,"$41,800",2.4,6.4,"$144,237,000,000","$136,976,000,000","$10,332,000,000",,"25,409,000","38,272,000","4,600,000",128,4.3
Puerto Rico,Central America and the Caribbean,"9,104","3,019,450",46.1,-1.2,7.8,10.2,0.56,"$43,000",1.8,5.5,"$63,579,000,000","$56,359,000,000",,,"6,898,000","18,833,000","751,000",20,3.6
Qatar,Middle East,"11,586","2,552,088",34.3,0.71,9.2,1.4,1.19,"$116,200",1.3,0.1,"$128,709,000,000","$72,174,000,000","$44,692,000,000",,"11,400,000","127,783,000","347,000",8,3.2
Romania,Europe,"238,391","18,148,155",45.5,-0.94,8.5,14.6,2.4,"$40,700",-4.5,5.4,"$136,488,000,000","$153,427,000,000","$64,699,000,000",,"19,748,000","61,416,000","6,630,000",103,3.3
Russia,Central Asia,"17,098,242","140,820,810",41.9,-0.49,8.4,14,3.6,"$39,800",6.7,2.5,"$465,660,000,000","$379,315,000,000","$597,217,000,000","$135,301,000,000","301,926,000","1,844,000,000","35,900,000",905,4.1
Rwanda,Africa,"26,338","13,623,302",20.8,1.62,25,5.7,8.24,"$3,100",1.8,12,"$3,509,000,000","$5,783,000,000","$2,406,000,000","$5,531,000,000","294,000","1,645,000","62,000",8,4.7
Saint Barthelemy,Central America and the Caribbean,25,"7,086",47.4,-0.11,9.3,9.5,,,,,,,,,,,,1,
"Saint Helena, Ascension, and Tristan da Cunha",Africa,394,"7,943",45.1,0.1,9.3,8.3,,,,,,,,,"5,000","12,000","1,000",2,
Saint Kitts and Nevis,Central America and the Caribbean,261,"55,133",38.6,0.56,11.8,7.4,2.28,"$30,400",3.6,,"$579,568,000","$669,168,000","$294,748,000",,"72,000","269,000","22,000",2,3.5
Saint Lucia,Central America and the Caribbean,616,"168,038",39.7,0.26,11.4,8.3,2.21,"$23,400",4.1,10.9,"$1,419,000,000","$1,292,000,000","$406,064,000","$901,317,000","93,000","605,000","24,000",2,2.7
Saint Martin,Central America and the Caribbean,50,"32,996",34.2,0.3,13.9,4.8,4.9,,,,,,,,,,,1,3.9
Saint Pierre and Miquelon,North America,242,"5,132",51.2,-1.21,6.4,11.7,,,1.5,,,,,,"26,000","57,000",,2,
Saint Vincent and the Grenadines,Central America and the Caribbean,389,"100,647",37.6,-0.15,11.9,7.7,6.02,"$18,300",3.6,18.1,"$345,098,000","$588,865,000","$316,824,000","$456,971,000","55,000","268,000","31,000",5,6.5
Samoa,Australia and Oceania,"2,831","208,853",27.4,0.65,18.8,5.4,8.58,"$6,300",2.2,4.6,"$346,187,000","$560,987,000","$507,740,000","$269,974,000","54,000","335,000","2,000",4,5.5
San Marino,Europe,61,"35,095",46.1,0.57,9,8.9,7.9,"$70,900",1.2,8.1,"$3,616,000,000","$3,169,000,000","$836,088,000",,,,"12,000",1,3.4
Sao Tome and Principe,Africa,964,"223,561",20.8,1.42,26.7,6,0.37,"$5,500",21.3,9.2,"$96,977,000","$219,322,000","$46,247,000","$327,248,000","29,000","146,000","6,000",2,5
Saudi Arabia,Middle East,"2,149,690","36,544,431",32.4,1.68,13.6,3.5,-0.75,"$55,100",1.7,3.9,"$368,731,000,000","$289,910,000,000","$436,769,000,000",,"119,620,000","656,511,000","14,500,000",90,5.1
Senegal,Africa,"196,722","18,847,519",19.2,2.46,30.2,4.9,4.58,"$4,300",5.9,3,"$7,001,000,000","$14,916,000,000","$1,827,000,000","$14,985,000,000","1,772,000","10,373,000","357,000",20,6.2
Serbia,Europe,"77,474","6,652,212",43.9,-0.61,8.8,14.9,3.85,"$26,000",4.7,7.4,"$44,352,000,000","$48,158,000,000","$26,445,000,000","$21,726,000,000","8,202,000","44,782,000","2,080,000",46,3.2
Seychelles,Africa,455,"98,187",38.7,0.56,11.8,7,3.16,"$29,500",0.3,3,"$2,375,000,000","$2,437,000,000","$773,678,000",,"156,000","893,000","39,000",16,4.5
Sierra Leone,Africa,"71,740","9,121,049",19.4,2.32,30.8,9,5.71,"$3,000",28.6,3.1,"$1,382,000,000","$2,264,000,000","$495,699,000","$1,451,000,000","149,000","1,342,000",0,8,8.5
Singapore,East and Southeast Asia,719,"6,028,459",39.4,0.87,8.8,4.3,1.08,"$127,500",2.4,3.2,"$978,597,000,000","$786,020,000,000","$365,494,000,000",,"13,134,000","238,962,000","1,570,000",9,2.2
Sint Maarten,Central America and the Caribbean,34,"46,215",41,1.15,12.2,6.4,3.8,"$44,900",2.2,,"$1,504,000,000","$1,489,000,000",,,,,,1,
Slovakia,Europe,"49,035","5,563,649",42.8,-0.08,10,11.2,1.38,"$39,300",2.8,5.2,"$121,008,000,000","$119,666,000,000","$11,793,000,000",,"8,138,000","30,087,000","1,830,000",116,4.5
Slovenia,Europe,"20,273","2,097,893",46.3,-0.1,8,10.5,2.11,"$48,200",2,3.4,"$59,159,000,000","$54,583,000,000","$2,566,000,000",,"4,739,000","10,772,000","683,000",42,5.7
Solomon Islands,Australia and Oceania,"28,896","726,799",25.2,1.65,22,3.9,3.08,"$2,500",5.9,1.5,"$642,877,000","$857,128,000","$688,220,000","$184,191,000","37,000","318,000","1,000",36,8.3
Somalia,Africa,"637,657","13,017,273",19.1,2.55,37.4,11.2,4.22,"$1,400",1.5,18.9,"$2,164,000,000","$8,002,000,000","$30,450,000","$2,563,000,000","156,000","838,000","119,000",40,0.3
South Africa,Africa,"1,219,090","60,442,647",30.4,1.07,17.7,6.9,0.7,"$13,700",4.4,33.2,"$124,671,000,000","$123,454,000,000","$54,912,000,000","$93,879,000,000","65,989,000","446,704,000","2,150,000",573,6.7
South Georgia and South Sandwich Islands,South America,"3,903",,,,,,,,,,,,,,,,,,
South Sudan,Africa,"644,329","12,703,714",18.7,4.65,36.4,8.9,-5.2,"$1,600",2.4,12.5,"$4,499,000,000","$4,443,000,000","$72,881,000",,"136,000","1,725,000",0,89,1.6
Spain,Europe,"505,370","47,280,433",46.8,0.12,7.1,10,2.68,"$47,100",2.8,11.4,"$616,648,000,000","$552,948,000,000","$84,154,000,000",,"130,366,000","254,823,000","18,200,000",365,4.3
Spratly Islands,East and Southeast Asia,5,,,,,,,,,,,,,,,,,,
Sri Lanka,South Asia,"65,610","21,982,608",34.1,0.39,14.5,7.5,-2.3,"$13,000",-0.4,5,"$17,327,000,000","$18,823,000,000","$6,055,000,000","$42,198,000,000","5,326,000","19,153,000","2,010,000",18,1.8
Sudan,Africa,"1,861,484","50,467,278",19.3,2.55,33.1,6.1,-20.11,"$2,500",138.8,11.45,"$5,908,000,000","$11,575,000,000","$177,934,000","$21,650,000,000","3,815,000","18,242,000","30,000",45,
Suriname,South America,"163,820","646,758",32,1.07,14.9,6.7,2.54,"$19,000",16.2,7.3,"$2,793,000,000","$2,571,000,000","$1,530,000,000","$2,645,000,000","537,000","2,521,000","125,000",55,2.9
Svalbard,Europe,"62,045","2,556",,-0.03,,,,,,,,,,,,,,,
Sweden,Europe,"450,295","10,589,835",41.1,0.51,10.7,9.6,-0.31,"$63,100",2.8,8.5,"$338,852,000,000","$309,526,000,000","$52,023,000,000",,"55,307,000","43,960,000","4,300,000",206,7.1
Switzerland,Europe,"41,277","8,860,574",44.2,0.75,10.1,8.5,0.72,"$82,600",1.1,4.1,"$654,175,000,000","$556,351,000,000","$822,130,000,000",,"26,502,000","33,306,000","4,330,000",66,5.1
Syria,Middle East,"187,437","23,865,423",24.1,1.67,21.7,4,0.73,"$4,500",13.4,13,"$1,609,000,000","$6,803,000,000","$407,300,000","$4,573,000,000","9,636,000","20,243,000","1,620,000",42,
Taiwan,East and Southeast Asia,"35,980","23,595,274",44.6,0.03,7.3,8.1,1.28,"$32,300",2.2,3.4,"$432,432,000,000","$351,441,000,000","$456,700,000,000",,"64,535,000","289,109,000","5,831,470",57,
Tajikistan,Central Asia,"144,100","10,394,063",22.8,1.92,25.8,4.7,8.3,"$4,500",7.7,11.6,"$1,618,000,000","$6,907,000,000","$3,304,000,000","$3,024,000,000","6,481,000","8,616,000","6,000",19,5.4
Tanzania,Africa,"947,300","67,462,121",19.1,2.72,32.5,5,5.07,"$3,600",3.1,2.6,"$13,980,000,000","$16,059,000,000","$5,050,000,000","$17,513,000,000","1,818,000","17,707,000","1,660,000",206,3.2
Thailand,East and Southeast Asia,"513,120","69,920,998",41.5,0.17,9.9,8,1.89,"$21,100",1.2,0.7,"$337,450,000,000","$327,008,000,000","$217,261,000,000","$37,065,000,000","55,971,000","336,693,000","11,500,000",105,2.5
Timor-Leste,East and Southeast Asia,"14,874","1,506,909",20.6,2.04,29.7,5.5,-18.12,"$4,300",2.1,1.6,"$701,808,000","$1,204,000,000","$781,995,000","$238,042,000","277,000","660,000",0,11,3
Togo,Africa,"56,785","8,917,994",20.7,2.41,30.9,5.1,6.41,"$2,800",5.5,1.9,"$1,722,000,000","$2,389,000,000","$77,800,000","$1,923,000,000","326,000","2,656,000","114,000",7,4.1
Tokelau,Australia and Oceania,12,"2,453",,-0.01,,,,"$6,004",4,,"$103,000","$15,792,720",,,,,,,
Tonga,Australia and Oceania,747,"104,889",25.9,-0.34,19.7,5,-2.31,"$6,900",3.2,2.2,"$119,511,000","$392,888,000","$396,530,000","$159,276,000","34,000","174,000","9,000",6,5.3
Trinidad and Tobago,Central America and the Caribbean,"5,128","1,408,966",38.5,0.1,10.5,8.6,1.35,"$31,700",0.5,4.5,"$11,544,000,000","$8,773,000,000","$5,438,000,000",,"2,139,000","33,629,000","404,000",3,2.9
Tunisia,Africa,"163,610","12,048,847",34.4,0.58,13.5,6.4,0.04,"$12,600",7.2,16.2,"$19,732,000,000","$21,953,000,000","$8,770,000,000","$21,212,000,000","6,639,000","24,645,000","1,730,000",14,6.7
Turkey (Turkiye),Middle East,"783,562","84,119,531",34,0.61,13.8,6.1,5.11,"$34,600",58.5,8.4,"$372,756,000,000","$367,022,000,000","$90,859,000,000","$149,654,000,000","106,281,000","399,173,000","19,600,000",116,3.1
Turkmenistan,Central Asia,"488,100","5,744,151",31.2,0.92,16.8,6,6.3,"$17,900",8,4.3,"$13,111,000,000","$7,563,000,000","$24,910,000,000","$3,696,000,000","6,512,000","106,215,000","377,000",23,2.7
Turks and Caicos Islands,Central America and the Caribbean,948,"60,439",36.3,1.77,13,3.6,1.2,"$22,300",4,,"$826,824,000","$544,219,000",,,"94,000","447,000",,9,3.1
Tuvalu,Australia and Oceania,26,"11,733",27.8,0.78,22,7.8,3.85,"$5,800",4.1,,"$2,232,000","$57,388,000",,,,,0,1,15.8
Uganda,Africa,"241,038","49,283,041",16.2,3.18,39.6,4.7,5.34,"$2,800",3.3,2.9,"$9,084,000,000","$13,853,000,000","$3,359,000,000","$10,469,000,000","1,452,000","6,354,000","44,000",39,2.6
Ukraine,Europe,"603,550","35,661,826",44.9,2.38,6,18.6,5.32,"$15,900",6.5,9.8,"$56,114,000,000","$92,025,000,000","$41,485,000,000","$90,003,000,000","60,297,000","106,847,000","8,070,000",152,5.9
United Arab Emirates,Middle East,"83,600","10,032,213",35.8,0.6,10.7,1.7,3.62,"$68,600",1.6,2.1,"$558,402,000,000","$481,852,000,000","$231,690,000,000",,"44,462,000","271,703,000","3,950,000",42,3.9
United Kingdom,Europe,"243,610","68,459,055",40.8,0.45,10.8,9.2,0.34,"$54,500",3.3,4.1,"$1,050,000,000,000","$1,076,000,000,000","$148,569,000,000",,"114,749,000","340,940,000","28,200,000","1,057",4.9
United States,North America,"9,833,517","341,963,408",38.9,0.67,12.2,8.5,2.89,"$74,600",2.9,4.1,"$3,072,000,000,000","$3,857,000,000,000","$227,760,000,000",,"1,235,000,000","4,795,000,000","131,000,000","16,116",5.4
United States Pacific Island Wildlife Refuges,,,,,,,,,,,,,,,,,"294,000",,2,
Uruguay,South America,"176,215","3,425,330",36.5,0.26,12.6,9.1,0.37,"$31,000",4.8,8.4,"$22,005,000,000","$19,308,000,000","$17,369,000,000",,"5,682,000","6,896,000","1,100,000",65,3.6
Uzbekistan,Central Asia,"447,400","36,520,593",28.9,1.43,20.5,5.1,6.29,"$10,000",9.6,4.5,"$25,050,000,000","$42,646,000,000","$9,145,000,000","$25,714,000,000","17,901,000","110,992,000","10,800,000",74,5.5
Vanuatu,Australia and Oceania,"12,189","318,007",24.6,1.55,20.8,4,2.21,"$3,100",11.2,5.1,"$152,087,000","$579,347,000","$643,768,000","$299,746,000","39,000","292,000","4,000",31,10.6
Venezuela,South America,"912,050","31,250,306",31,2.34,16.7,6.5,-19.67,"$7,704","146,101.70",5.5,"$83,401,000,000","$18,432,000,000","$9,794,000,000",,"33,493,000","76,730,000","2,700,000",509,1.3
Vietnam,East and Southeast Asia,"331,210","105,758,975",33.1,0.89,14.9,5.8,5.05,"$13,500",3.6,1.4,"$375,100,000,000","$339,859,000,000","$92,238,000,000","$34,426,000,000","85,725,000","305,404,000","22,800,000",36,2.9
Virgin Islands,Central America and the Caribbean,"1,910","104,377",43,-0.54,11.1,9.2,-1.31,"$46,500",1,12,"$4,549,000,000","$5,058,000,000",,,"326,000","2,378,000","9,000",2,
Wake Island,Australia and Oceania,7,,,,,,,,,,,,,,,"1,214,000",,1,
Wallis and Futuna,Australia and Oceania,142,"15,964",36.3,0.22,11.8,6,,,0.9,,,,,,,,,2,
West Bank,Middle East,"5,860","3,243,369",21.9,2.07,27.8,3.3,-5.41,"$5,300",5.9,24.4,"$3,413,000,000","$11,637,000,000","$1,328,000,000",,"352,000","3,913,000","431,000",1,5.4
Yemen,Middle East,"527,968","32,140,443",22,1.78,23.4,5.5,0.75,"$2,500",24.7,17.1,"$384,500,000","$4,079,000,000","$1,251,000,000","$6,492,000,000","1,790,000","8,193,000","486,000",37,
Zambia,Africa,"752,618","20,799,116",18.4,2.83,34.1,5.9,5.37,"$3,700",10.9,6,"$11,454,000,000","$10,854,000,000","$3,173,000,000","$16,597,000,000","3,986,000","9,877,000","99,000",120,4.1
Zimbabwe,Africa,"390,757","17,150,352",21.2,1.91,28.8,6.5,5.34,"$3,400",104.7,8.6,"$7,603,000,000","$10,293,000,000","$261,373,000","$6,671,000,000","2,491,000","12,578,000","269,000",144,0.4